"Finalmethynames","Finalmethy1names","Finalgenenames","Finalsimilarityvalues"
"1","IGFBP6","PRKCDBP","IGFBP6.PRKCDBP",0.222652709397825
"2","IGFBP6","BCAM","IGFBP6.BCAM",0.210224388245585
"3","PI3","EDNRB","PI3.EDNRB",0.721161848602272
"4","PENK","SEMA3B","PENK.SEMA3B",0.225605696413114
"5","MAPK4","ABCC2","MAPK4.ABCC2",0.224945958120672
"6","MAPK4","SH3BP2","MAPK4.SH3BP2",0.210123295914742
"7","PADI4","WT1","PADI4.WT1",0.244108546012775
"8","PADI4","EYA4","PADI4.EYA4",0.209957490574092
"9","PADI4","TGFBI","PADI4.TGFBI",0.214260428932984
"10","EPO","RASSF1","EPO.RASSF1",0.229459882112319
"11","STAT5A","NFKB1","STAT5A.NFKB1",0.214133707804933
"12","ONECUT2","DAPK1","ONECUT2.DAPK1",0.249108155457234
"13","ONECUT2","CD86","ONECUT2.CD86",0.206407147611479
"14","ONECUT2","ABL2","ONECUT2.ABL2",0.394479703793726
"15","ONECUT2","APC","ONECUT2.APC",0.269423696911034
"16","ONECUT2","MCC","ONECUT2.MCC",0.202934470597278
"17","TNFRSF10C","MCAM","TNFRSF10C.MCAM",0.222645395515054
"18","TNFRSF10C","AXL","TNFRSF10C.AXL",0.299164725987637
"19","TNFRSF10C","ARAF","TNFRSF10C.ARAF",0.255900479028798
"20","TNFRSF10C","IGFBP3","TNFRSF10C.IGFBP3",0.223098388579134
"21","TNFRSF10C","COL6A1","TNFRSF10C.COL6A1",0.213127972566947
"22","CPA4","DLG3","CPA4.DLG3",0.220095880082705
"23","CPA4","USP29","CPA4.USP29",0.263145173592941
"24","CPA4","TM7SF3","CPA4.TM7SF3",0.344913490562688
"25","LAT","GADD45A","LAT.GADD45A",0.218959791479003
"26","ASCL2","HCK","ASCL2.HCK",0.321051954617524
"27","IFNGR2","GRB10","IFNGR2.GRB10",0.44992116448723
"28","PRSS1","CDH1","PRSS1.CDH1",0.222746955478871
"29","PRSS1","MKRN3","PRSS1.MKRN3",0.21690311947312
"30","PRSS1","AXL","PRSS1.AXL",0.211616612189063
"31","PRSS1","NFKB2","PRSS1.NFKB2",0.386844290116135
"32","TP73","EPHA1","TP73.EPHA1",0.332513032538403
"33","TP73","GADD45A","TP73.GADD45A",0.204477654044033
"34","ISL1","S100A4","ISL1.S100A4",0.20827082540551
"35","ATP10A","BTK","ATP10A.BTK",0.255227166207894
"36","ATP10A","ETS2","ATP10A.ETS2",0.228578654702318
"37","SNRPN","TNFSF8","SNRPN.TNFSF8",1
"38","SNRPN","CASP8","SNRPN.CASP8",1
"39","SNRPN","SOX1","SNRPN.SOX1",1
"40","SNRPN","HS3ST2","SNRPN.HS3ST2",1
"41","SNRPN","IRAK3","SNRPN.IRAK3",1
"42","SNRPN","MGMT","SNRPN.MGMT",1
"43","SNRPN","MMP14","SNRPN.MMP14",1
"44","SNRPN","ROR2","SNRPN.ROR2",1
"45","SNRPN","AR","SNRPN.AR",1
"46","SNRPN","HTR1B","SNRPN.HTR1B",1
"47","SNRPN","DIRAS3","SNRPN.DIRAS3",1
"48","SNRPN","SLC5A5","SNRPN.SLC5A5",1
"49","SNRPN","ALPL","SNRPN.ALPL",1
"50","SNRPN","CD44","SNRPN.CD44",1
"51","SNRPN","MOS","SNRPN.MOS",1
"52","SNRPN","HGF","SNRPN.HGF",1
"53","SNRPN","IL3","SNRPN.IL3",1
"54","SNRPN","CD1A","SNRPN.CD1A",1
"55","SNRPN","NQO1","SNRPN.NQO1",1
"56","SNRPN","RUNX1T1","SNRPN.RUNX1T1",1
"57","SNRPN","BCL2A1","SNRPN.BCL2A1",1
"58","SNRPN","AGXT","SNRPN.AGXT",1
"59","SNRPN","EPHB4","SNRPN.EPHB4",1
"60","SNRPN","YES1","SNRPN.YES1",1
"61","SNRPN","TGFB1","SNRPN.TGFB1",1
"62","SNRPN","MMP1","SNRPN.MMP1",1
"63","SNRPN","HSD17B12","SNRPN.HSD17B12",1
"64","SNRPN","GRPR","SNRPN.GRPR",1
"65","SNRPN","LRP2","SNRPN.LRP2",1
"66","SNRPN","NEU1","SNRPN.NEU1",1
"67","LIF","MLF1","LIF.MLF1",0.210485783531411
"68","VAMP8","IL1RN","VAMP8.IL1RN",0.206460889912283
"69","VAMP8","MYCL1","VAMP8.MYCL1",0.222332127386554
"70","VAMP8","PPARD","VAMP8.PPARD",0.347796775613777
"71","KRT1","ALK","KRT1.ALK",0.251977207674031
"72","KRT1","CHGA","KRT1.CHGA",0.257758754934826
"73","MUC1","SPARC","MUC1.SPARC",0.228840263496548
"74","MUC1","ACTG2","MUC1.ACTG2",0.201410243214266
"75","MUC1","PXN","MUC1.PXN",0.236284572619246
"76","MUC1","JUNB","MUC1.JUNB",0.234068006658796
"77","IL1B","HBEGF","IL1B.HBEGF",0.215245253168501
"78","IL1B","PRDM2","IL1B.PRDM2",0.23010338611743
"79","IL1B","MKRN3","IL1B.MKRN3",0.219807743772411
"80","IL1B","LRRC32","IL1B.LRRC32",0.377636262902992
"81","IL1B","GPC3","IL1B.GPC3",0.514989828954697
"82","IL1B","NEFL","IL1B.NEFL",0.839287030544273
"83","CD2","ALK","CD2.ALK",0.230424062917496
"84","RUNX3","VAV1","RUNX3.VAV1",0.250108846392256
"85","RUNX3","TES","RUNX3.TES",0.307787283799131
"86","GNMT","CEACAM1","GNMT.CEACAM1",0.911958182982558
"87","WNT2","SLC6A8","WNT2.SLC6A8",0.25568229604384
"88","WNT2","BCAM","WNT2.BCAM",0.200140795373771
"89","WNT2","SKI","WNT2.SKI",0.210408559687304
"90","SFN","LTA","SFN.LTA",0.527601429031083
"91","RASGRF1","PLA2G2A","RASGRF1.PLA2G2A",0.261582934191378
"92","RASGRF1","CDH3","RASGRF1.CDH3",0.235426951007439
"93","RASGRF1","PTK2","RASGRF1.PTK2",0.305618297768326
"94","RASGRF1","WNT8B","RASGRF1.WNT8B",0.656940709988575
"95","TNFSF8","CASP8","TNFSF8.CASP8",1
"96","TNFSF8","SOX1","TNFSF8.SOX1",1
"97","TNFSF8","HS3ST2","TNFSF8.HS3ST2",1
"98","TNFSF8","IRAK3","TNFSF8.IRAK3",1
"99","TNFSF8","MGMT","TNFSF8.MGMT",1
"100","TNFSF8","MMP14","TNFSF8.MMP14",1
"101","TNFSF8","ROR2","TNFSF8.ROR2",1
"102","TNFSF8","AR","TNFSF8.AR",1
"103","TNFSF8","HTR1B","TNFSF8.HTR1B",1
"104","TNFSF8","DIRAS3","TNFSF8.DIRAS3",1
"105","TNFSF8","SLC5A5","TNFSF8.SLC5A5",1
"106","TNFSF8","ALPL","TNFSF8.ALPL",1
"107","TNFSF8","CD44","TNFSF8.CD44",1
"108","TNFSF8","MOS","TNFSF8.MOS",1
"109","TNFSF8","HGF","TNFSF8.HGF",1
"110","TNFSF8","IL3","TNFSF8.IL3",1
"111","TNFSF8","CD1A","TNFSF8.CD1A",1
"112","TNFSF8","NQO1","TNFSF8.NQO1",1
"113","TNFSF8","RUNX1T1","TNFSF8.RUNX1T1",1
"114","TNFSF8","BCL2A1","TNFSF8.BCL2A1",1
"115","TNFSF8","AGXT","TNFSF8.AGXT",1
"116","TNFSF8","EPHB4","TNFSF8.EPHB4",1
"117","TNFSF8","YES1","TNFSF8.YES1",1
"118","TNFSF8","TGFB1","TNFSF8.TGFB1",1
"119","TNFSF8","MMP1","TNFSF8.MMP1",1
"120","TNFSF8","HSD17B12","TNFSF8.HSD17B12",1
"121","TNFSF8","GRPR","TNFSF8.GRPR",1
"122","TNFSF8","LRP2","TNFSF8.LRP2",1
"123","TNFSF8","NEU1","TNFSF8.NEU1",1
"124","GALR1","AIM2","GALR1.AIM2",0.351838134873342
"125","GALR1","FLI1","GALR1.FLI1",0.223815284165335
"126","GALR1","CDH3","GALR1.CDH3",0.367047420259504
"127","GALR1","FYN","GALR1.FYN",0.250498827932245
"128","MYOD1","HLF","MYOD1.HLF",0.277391060979874
"129","MYOD1","PGF","MYOD1.PGF",0.316440454260471
"130","MYOD1","PGR","MYOD1.PGR",0.352882280126304
"131","MYOD1","ABCC5","MYOD1.ABCC5",0.3864993461878
"132","IL8","SPARC","IL8.SPARC",0.200992581688693
"133","IL8","RBP1","IL8.RBP1",0.209248690676948
"134","IL8","PCDH1","IL8.PCDH1",0.338232826197146
"135","PHLDA2","GDF10","PHLDA2.GDF10",0.207910855961365
"136","CYP2E1","DES","CYP2E1.DES",0.205619535635689
"137","CYP2E1","PKD2","CYP2E1.PKD2",0.298704878895699
"138","CYP2E1","MYB","CYP2E1.MYB",0.378503644249055
"139","COL1A2","MMP9","COL1A2.MMP9",0.208655183231999
"140","COL1A2","FRZB","COL1A2.FRZB",0.214109967616558
"141","COL1A2","GFI1","COL1A2.GFI1",0.203349084226693
"142","PRSS8","DUSP4","PRSS8.DUSP4",0.206896098186419
"143","PRSS8","APC","PRSS8.APC",0.349746658419122
"144","PRSS8","MCC","PRSS8.MCC",0.590017191928507
"145","SERPINA5","RARA","SERPINA5.RARA",0.315520589123208
"146","SERPINA5","ARAF","SERPINA5.ARAF",0.208348982671148
"147","SERPINA5","MBD2","SERPINA5.MBD2",0.262248031177428
"148","CASP8","SOX1","CASP8.SOX1",1
"149","CASP8","HS3ST2","CASP8.HS3ST2",1
"150","CASP8","IRAK3","CASP8.IRAK3",1
"151","CASP8","MGMT","CASP8.MGMT",1
"152","CASP8","MMP14","CASP8.MMP14",1
"153","CASP8","ROR2","CASP8.ROR2",1
"154","CASP8","AR","CASP8.AR",1
"155","CASP8","HTR1B","CASP8.HTR1B",1
"156","CASP8","DIRAS3","CASP8.DIRAS3",1
"157","CASP8","SLC5A5","CASP8.SLC5A5",1
"158","CASP8","ALPL","CASP8.ALPL",1
"159","CASP8","CD44","CASP8.CD44",1
"160","CASP8","MOS","CASP8.MOS",1
"161","CASP8","HGF","CASP8.HGF",1
"162","CASP8","IL3","CASP8.IL3",1
"163","CASP8","CD1A","CASP8.CD1A",1
"164","CASP8","NQO1","CASP8.NQO1",1
"165","CASP8","RUNX1T1","CASP8.RUNX1T1",1
"166","CASP8","BCL2A1","CASP8.BCL2A1",1
"167","CASP8","AGXT","CASP8.AGXT",1
"168","CASP8","EPHB4","CASP8.EPHB4",1
"169","CASP8","YES1","CASP8.YES1",1
"170","CASP8","TGFB1","CASP8.TGFB1",1
"171","CASP8","MMP1","CASP8.MMP1",1
"172","CASP8","HSD17B12","CASP8.HSD17B12",1
"173","CASP8","GRPR","CASP8.GRPR",1
"174","CASP8","LRP2","CASP8.LRP2",1
"175","CASP8","NEU1","CASP8.NEU1",1
"176","SFRP1","MYCL1","SFRP1.MYCL1",0.25728223775405
"177","SFRP1","MYH11","SFRP1.MYH11",0.257524085920539
"178","SFRP1","IL4","SFRP1.IL4",0.216414802982376
"179","SFRP1","P2RX7","SFRP1.P2RX7",0.201118823964647
"180","FRK","PDGFB","FRK.PDGFB",0.228278335437159
"181","FRK","MAP3K8","FRK.MAP3K8",0.216276713226074
"182","FRK","VIM","FRK.VIM",0.267190207066541
"183","PLA2G2A","COL18A1","PLA2G2A.COL18A1",0.209904817620385
"184","PLA2G2A","CDH3","PLA2G2A.CDH3",0.364730041084489
"185","PLA2G2A","PSIP1","PLA2G2A.PSIP1",0.22360716373933
"186","PLA2G2A","PTK2","PLA2G2A.PTK2",0.576860037140689
"187","PLA2G2A","MAP2K6","PLA2G2A.MAP2K6",0.210634086823536
"188","PLA2G2A","CASP2","PLA2G2A.CASP2",0.41485091951052
"189","ZIM2","THPO","ZIM2.THPO",0.252869578486932
"190","ZIM2","GABRB3","ZIM2.GABRB3",0.753911834237933
"191","ZIM2","PAX6","ZIM2.PAX6",0.664709217827343
"192","ZIM2","JUNB","ZIM2.JUNB",0.203816552314857
"193","TJP2","DUSP4","TJP2.DUSP4",0.216452364121131
"194","MAGEC3","SLC6A8","MAGEC3.SLC6A8",0.215124856598032
"195","MAGEC3","PGF","MAGEC3.PGF",0.202808310421223
"196","MAGEC3","IGFBP1","MAGEC3.IGFBP1",0.212744787397135
"197","MAGEC3","HLA.DOA","MAGEC3.HLA.DOA",0.205808427927476
"198","HSPA2","NCL","HSPA2.NCL",0.290932687039418
"199","TFF2","HLA.DPB1","TFF2.HLA.DPB1",0.226725753055987
"200","TFF2","CASP2","TFF2.CASP2",0.204120345097501
"201","DIO3","NR2F6","DIO3.NR2F6",0.277552657606309
"202","DIO3","PTHLH","DIO3.PTHLH",0.520773188927674
"203","DIO3","GFI1","DIO3.GFI1",0.20939813563951
"204","HPN","FGFR1","HPN.FGFR1",0.207039292163087
"205","HPN","HLA.DPB1","HPN.HLA.DPB1",0.228040018627185
"206","HPN","IGFBP7","HPN.IGFBP7",0.845337196302484
"207","HPN","LCN2","HPN.LCN2",0.220187425052384
"208","HPN","SFTPC","HPN.SFTPC",0.385776723613715
"209","SOX1","HS3ST2","SOX1.HS3ST2",1
"210","SOX1","IRAK3","SOX1.IRAK3",1
"211","SOX1","MGMT","SOX1.MGMT",1
"212","SOX1","MMP14","SOX1.MMP14",1
"213","SOX1","ROR2","SOX1.ROR2",1
"214","SOX1","AR","SOX1.AR",1
"215","SOX1","HTR1B","SOX1.HTR1B",1
"216","SOX1","DIRAS3","SOX1.DIRAS3",1
"217","SOX1","SLC5A5","SOX1.SLC5A5",1
"218","SOX1","ALPL","SOX1.ALPL",1
"219","SOX1","CD44","SOX1.CD44",1
"220","SOX1","MOS","SOX1.MOS",1
"221","SOX1","HGF","SOX1.HGF",1
"222","SOX1","IL3","SOX1.IL3",1
"223","SOX1","CD1A","SOX1.CD1A",1
"224","SOX1","NQO1","SOX1.NQO1",1
"225","SOX1","RUNX1T1","SOX1.RUNX1T1",1
"226","SOX1","BCL2A1","SOX1.BCL2A1",1
"227","SOX1","AGXT","SOX1.AGXT",1
"228","SOX1","EPHB4","SOX1.EPHB4",1
"229","SOX1","YES1","SOX1.YES1",1
"230","SOX1","TGFB1","SOX1.TGFB1",1
"231","SOX1","MMP1","SOX1.MMP1",1
"232","SOX1","HSD17B12","SOX1.HSD17B12",1
"233","SOX1","GRPR","SOX1.GRPR",1
"234","SOX1","LRP2","SOX1.LRP2",1
"235","SOX1","NEU1","SOX1.NEU1",1
"236","ASB4","CDH1","ASB4.CDH1",0.262946121102566
"237","ASB4","TAL1","ASB4.TAL1",0.285133370467412
"238","ASB4","FGF1","ASB4.FGF1",0.201831570705178
"239","APOA1","XRCC1","APOA1.XRCC1",0.24171563338371
"240","APOA1","CTNNB1","APOA1.CTNNB1",0.211097530145884
"241","AATK","ICA1","AATK.ICA1",0.236505387244341
"242","AATK","MMP7","AATK.MMP7",0.438912766833068
"243","HS3ST2","IRAK3","HS3ST2.IRAK3",1
"244","HS3ST2","MGMT","HS3ST2.MGMT",1
"245","HS3ST2","MMP14","HS3ST2.MMP14",1
"246","HS3ST2","ROR2","HS3ST2.ROR2",1
"247","HS3ST2","AR","HS3ST2.AR",1
"248","HS3ST2","HTR1B","HS3ST2.HTR1B",1
"249","HS3ST2","DIRAS3","HS3ST2.DIRAS3",1
"250","HS3ST2","SLC5A5","HS3ST2.SLC5A5",1
"251","HS3ST2","ALPL","HS3ST2.ALPL",1
"252","HS3ST2","CD44","HS3ST2.CD44",1
"253","HS3ST2","MOS","HS3ST2.MOS",1
"254","HS3ST2","HGF","HS3ST2.HGF",1
"255","HS3ST2","IL3","HS3ST2.IL3",1
"256","HS3ST2","CD1A","HS3ST2.CD1A",1
"257","HS3ST2","NQO1","HS3ST2.NQO1",1
"258","HS3ST2","RUNX1T1","HS3ST2.RUNX1T1",1
"259","HS3ST2","BCL2A1","HS3ST2.BCL2A1",1
"260","HS3ST2","AGXT","HS3ST2.AGXT",1
"261","HS3ST2","EPHB4","HS3ST2.EPHB4",1
"262","HS3ST2","YES1","HS3ST2.YES1",1
"263","HS3ST2","TGFB1","HS3ST2.TGFB1",1
"264","HS3ST2","MMP1","HS3ST2.MMP1",1
"265","HS3ST2","HSD17B12","HS3ST2.HSD17B12",1
"266","HS3ST2","GRPR","HS3ST2.GRPR",1
"267","HS3ST2","LRP2","HS3ST2.LRP2",1
"268","HS3ST2","NEU1","HS3ST2.NEU1",1
"269","COL18A1","MCAM","COL18A1.MCAM",0.204040027792525
"270","COL18A1","DBC1","COL18A1.DBC1",0.449151763002971
"271","COL18A1","MAP2K6","COL18A1.MAP2K6",0.916393299675386
"272","COL18A1","PDGFA","COL18A1.PDGFA",0.216985455494284
"273","CHFR","BDNF","CHFR.BDNF",0.330458481329415
"274","CHFR","PLAT","CHFR.PLAT",0.467107874243371
"275","GRB7","CDH1","GRB7.CDH1",0.241338072848269
"276","CDH1","TAL1","CDH1.TAL1",0.247864848259884
"277","CDH1","NFKB2","CDH1.NFKB2",0.207836502716396
"278","IRAK3","MGMT","IRAK3.MGMT",1
"279","IRAK3","MMP14","IRAK3.MMP14",1
"280","IRAK3","ROR2","IRAK3.ROR2",1
"281","IRAK3","AR","IRAK3.AR",1
"282","IRAK3","HTR1B","IRAK3.HTR1B",1
"283","IRAK3","DIRAS3","IRAK3.DIRAS3",1
"284","IRAK3","SLC5A5","IRAK3.SLC5A5",1
"285","IRAK3","ALPL","IRAK3.ALPL",1
"286","IRAK3","CD44","IRAK3.CD44",1
"287","IRAK3","MOS","IRAK3.MOS",1
"288","IRAK3","HGF","IRAK3.HGF",1
"289","IRAK3","IL3","IRAK3.IL3",1
"290","IRAK3","CD1A","IRAK3.CD1A",1
"291","IRAK3","NQO1","IRAK3.NQO1",1
"292","IRAK3","RUNX1T1","IRAK3.RUNX1T1",1
"293","IRAK3","BCL2A1","IRAK3.BCL2A1",1
"294","IRAK3","AGXT","IRAK3.AGXT",1
"295","IRAK3","EPHB4","IRAK3.EPHB4",1
"296","IRAK3","YES1","IRAK3.YES1",1
"297","IRAK3","TGFB1","IRAK3.TGFB1",1
"298","IRAK3","MMP1","IRAK3.MMP1",1
"299","IRAK3","HSD17B12","IRAK3.HSD17B12",1
"300","IRAK3","GRPR","IRAK3.GRPR",1
"301","IRAK3","LRP2","IRAK3.LRP2",1
"302","IRAK3","NEU1","IRAK3.NEU1",1
"303","DES","FGF6","DES.FGF6",0.344130971262039
"304","DES","RAD54B","DES.RAD54B",0.216465003739306
"305","EYA4","THBS2","EYA4.THBS2",0.20329885930336
"306","EYA4","IL2","EYA4.IL2",0.223800570421094
"307","PITX2","BTK","PITX2.BTK",0.205048778072292
"308","PITX2","BCL3","PITX2.BCL3",0.214547341257333
"309","CDKN1C","RARA","CDKN1C.RARA",0.255912327640586
"310","CDKN1C","PODXL","CDKN1C.PODXL",0.24637159014815
"311","IGF1","NCL","IGF1.NCL",0.204428723873114
"312","IGF1","TNF","IGF1.TNF",0.357085953940877
"313","IGF1","IGFBP3","IGF1.IGFBP3",0.230098750016211
"314","IGF1","APBA1","IGF1.APBA1",0.215469295580828
"315","SMAD2","CCND2","SMAD2.CCND2",0.238742966186067
"316","SMAD2","MCAM","SMAD2.MCAM",0.211397631355861
"317","GUCY2F","PLXDC1","GUCY2F.PLXDC1",0.230647613580851
"318","BDNF","PLAT","BDNF.PLAT",0.229168766117041
"319","NOTCH4","GDF10","NOTCH4.GDF10",0.229105385004138
"320","NOTCH4","PTGS2","NOTCH4.PTGS2",0.205813203000942
"321","NOTCH4","ARHGDIB","NOTCH4.ARHGDIB",0.220929406198208
"322","FES","CTLA4","FES.CTLA4",0.235509127566068
"323","CCND2","TFF1","CCND2.TFF1",0.210381017192019
"324","THPO","EPHA3","THPO.EPHA3",0.202820567870423
"325","THPO","MMP9","THPO.MMP9",0.408066995472092
"326","THPO","FRZB","THPO.FRZB",0.220987286910649
"327","THPO","GABRB3","THPO.GABRB3",0.254929524130883
"328","THPO","PAX6","THPO.PAX6",0.262362727997631
"329","THPO","CTGF","THPO.CTGF",0.202890807947392
"330","MGMT","MMP14","MGMT.MMP14",1
"331","MGMT","ROR2","MGMT.ROR2",1
"332","MGMT","AR","MGMT.AR",1
"333","MGMT","HTR1B","MGMT.HTR1B",1
"334","MGMT","DIRAS3","MGMT.DIRAS3",1
"335","MGMT","SLC5A5","MGMT.SLC5A5",1
"336","MGMT","ALPL","MGMT.ALPL",1
"337","MGMT","CD44","MGMT.CD44",1
"338","MGMT","MOS","MGMT.MOS",1
"339","MGMT","HGF","MGMT.HGF",1
"340","MGMT","IL3","MGMT.IL3",1
"341","MGMT","CD1A","MGMT.CD1A",1
"342","MGMT","NQO1","MGMT.NQO1",1
"343","MGMT","RUNX1T1","MGMT.RUNX1T1",1
"344","MGMT","BCL2A1","MGMT.BCL2A1",1
"345","MGMT","AGXT","MGMT.AGXT",1
"346","MGMT","EPHB4","MGMT.EPHB4",1
"347","MGMT","YES1","MGMT.YES1",1
"348","MGMT","TGFB1","MGMT.TGFB1",1
"349","MGMT","MMP1","MGMT.MMP1",1
"350","MGMT","HSD17B12","MGMT.HSD17B12",1
"351","MGMT","GRPR","MGMT.GRPR",1
"352","MGMT","LRP2","MGMT.LRP2",1
"353","MGMT","NEU1","MGMT.NEU1",1
"354","ALOX12","MET","ALOX12.MET",0.252136697528848
"355","ALOX12","MYB","ALOX12.MYB",0.21177517199833
"356","CSF2","MTA1","CSF2.MTA1",0.228494664895868
"357","CSF2","MMP8","CSF2.MMP8",0.204530931386152
"358","EGR4","DST","EGR4.DST",0.282424388769998
"359","TAL1","DCC","TAL1.DCC",0.260050112694533
"360","TAL1","TIAM1","TAL1.TIAM1",0.202984939250911
"361","PDGFRB","GPX1","PDGFRB.GPX1",0.839883299393642
"362","EPHA3","MMP9","EPHA3.MMP9",0.238120284994502
"363","EPHA3","ABCG2","EPHA3.ABCG2",0.207490365413247
"364","EPHA3","LMO1","EPHA3.LMO1",0.235059609027601
"365","CAPG","PYCARD","CAPG.PYCARD",0.206765601061652
"366","CAPG","MFAP4","CAPG.MFAP4",0.225176261141482
"367","CAPG","EPHA7","CAPG.EPHA7",0.216701461035199
"368","NCL","TNF","NCL.TNF",0.27549064207623
"369","NCL","FABP3","NCL.FABP3",0.20154672499299
"370","MMP14","ROR2","MMP14.ROR2",1
"371","MMP14","AR","MMP14.AR",1
"372","MMP14","HTR1B","MMP14.HTR1B",1
"373","MMP14","DIRAS3","MMP14.DIRAS3",1
"374","MMP14","SLC5A5","MMP14.SLC5A5",1
"375","MMP14","ALPL","MMP14.ALPL",1
"376","MMP14","CD44","MMP14.CD44",1
"377","MMP14","MOS","MMP14.MOS",1
"378","MMP14","HGF","MMP14.HGF",1
"379","MMP14","IL3","MMP14.IL3",1
"380","MMP14","CD1A","MMP14.CD1A",1
"381","MMP14","NQO1","MMP14.NQO1",1
"382","MMP14","RUNX1T1","MMP14.RUNX1T1",1
"383","MMP14","BCL2A1","MMP14.BCL2A1",1
"384","MMP14","AGXT","MMP14.AGXT",1
"385","MMP14","EPHB4","MMP14.EPHB4",1
"386","MMP14","YES1","MMP14.YES1",1
"387","MMP14","TGFB1","MMP14.TGFB1",1
"388","MMP14","MMP1","MMP14.MMP1",1
"389","MMP14","HSD17B12","MMP14.HSD17B12",1
"390","MMP14","GRPR","MMP14.GRPR",1
"391","MMP14","LRP2","MMP14.LRP2",1
"392","MMP14","NEU1","MMP14.NEU1",1
"393","GUCY2D","TERT","GUCY2D.TERT",0.208645488921298
"394","GUCY2D","CASP2","GUCY2D.CASP2",0.213193691509641
"395","MMP3","PMP22","MMP3.PMP22",0.202415248868674
"396","FLT3","TIAM1","FLT3.TIAM1",0.521116272504759
"397","TNF","SLC6A8","TNF.SLC6A8",0.204263450234225
"398","TNF","FABP3","TNF.FABP3",0.20712747758752
"399","PYCARD","MATK","PYCARD.MATK",0.221653469929411
"400","PYCARD","CSF3","PYCARD.CSF3",0.205477779674762
"401","PYCARD","PODXL","PYCARD.PODXL",0.219562723501018
"402","PYCARD","MFAP4","PYCARD.MFAP4",0.224219117678114
"403","PYCARD","EPHA7","PYCARD.EPHA7",0.238310658612015
"404","NTSR1","PLXDC1","NTSR1.PLXDC1",0.214763028706927
"405","NTSR1","AHR","NTSR1.AHR",0.478520894861754
"406","NTSR1","ELK3","NTSR1.ELK3",0.272661274109566
"407","NTSR1","ITGA6","NTSR1.ITGA6",0.270551291495994
"408","HOXB2","MYCL1","HOXB2.MYCL1",0.363009816145143
"409","HOXB2","IL4","HOXB2.IL4",0.356304906996847
"410","HOXB2","EGFR","HOXB2.EGFR",0.246204841309243
"411","HOXB2","P2RX7","HOXB2.P2RX7",0.511689742010593
"412","MEST","SPARC","MEST.SPARC",0.231672424969073
"413","MEST","EPHA2","MEST.EPHA2",0.22902371493722
"414","MEST","SLC6A8","MEST.SLC6A8",0.227166391186537
"415","MEST","HCK","MEST.HCK",0.217768018960514
"416","MEST","IGFBP2","MEST.IGFBP2",0.230026642818946
"417","MEST","LOX","MEST.LOX",0.301981822287527
"418","PLXDC1","ELK3","PLXDC1.ELK3",0.366437311077952
"419","PLXDC1","ITGA6","PLXDC1.ITGA6",0.365276404885369
"420","DAPK1","CD86","DAPK1.CD86",0.237605116977044
"421","DAPK1","ABL2","DAPK1.ABL2",0.233450098135563
"422","CD34","SLC22A18","CD34.SLC22A18",0.222538268213358
"423","CD34","B3GALT5","CD34.B3GALT5",0.210089586288306
"424","CD34","WNT10B","CD34.WNT10B",0.409769178190637
"425","HOXB13","MET","HOXB13.MET",0.306184899210241
"426","HOXB13","PPARG","HOXB13.PPARG",0.213361971794856
"427","TERT","SEMA3F","TERT.SEMA3F",0.213855997986463
"428","TERT","EPHB6","TERT.EPHB6",0.204663456279901
"429","NPR2","BMP4","NPR2.BMP4",0.215614375812341
"430","NPR2","TNK1","NPR2.TNK1",0.208898072117742
"431","NPR2","LRRC32","NPR2.LRRC32",0.221943947211859
"432","NPR2","MST1R","NPR2.MST1R",0.225305153320119
"433","NPR2","BMP3","NPR2.BMP3",0.20620567022981
"434","NPR2","USP29","NPR2.USP29",0.250989567901278
"435","NPR2","CDKN1A","NPR2.CDKN1A",0.270605746083716
"436","ERBB3","MET","ERBB3.MET",0.292812948392122
"437","CD86","POMC","CD86.POMC",0.277501153886084
"438","CD86","ABL2","CD86.ABL2",0.205027522729626
"439","CD86","DLK1","CD86.DLK1",0.377082970828982
"440","CD86","TEK","CD86.TEK",0.202867630291552
"441","CD86","STK11","CD86.STK11",0.317851762828062
"442","HOXA5","AXIN1","HOXA5.AXIN1",0.311671226264025
"443","HOXA5","MBD2","HOXA5.MBD2",0.232974706464979
"444","HOXA5","SEMA3A","HOXA5.SEMA3A",0.257811031741113
"445","KDR","WNT10B","KDR.WNT10B",0.201990166791876
"446","OPCML","FGF1","OPCML.FGF1",0.200738967349923
"447","BTK","ETS2","BTK.ETS2",0.513552026406725
"448","ERG","PRKAR1A","ERG.PRKAR1A",0.278117789109808
"449","ERG","BCR","ERG.BCR",0.434854680583101
"450","PMP22","BCAM","PMP22.BCAM",0.20831122320829
"451","PMP22","PCDH1","PMP22.PCDH1",0.222054077691266
"452","FGF12","IRF5","FGF12.IRF5",0.251524869952808
"453","CSF1R","TIAM1","CSF1R.TIAM1",0.214889461253977
"454","CSF1R","LYN","CSF1R.LYN",0.212206589076244
"455","LCK","TBX1","LCK.TBX1",0.316352963187893
"456","LCK","ICA1","LCK.ICA1",0.254025061343383
"457","AIM2","FLI1","AIM2.FLI1",0.250530720943401
"458","AIM2","CDH3","AIM2.CDH3",0.246517973843572
"459","AIM2","FYN","AIM2.FYN",0.27097122367155
"460","AIM2","EPHA1","AIM2.EPHA1",0.204956677096598
"461","MCAM","MLF1","MCAM.MLF1",0.209118983808086
"462","MCAM","AXL","MCAM.AXL",0.281468940570952
"463","MCAM","ARAF","MCAM.ARAF",0.245459161176662
"464","MCAM","COL6A1","MCAM.COL6A1",0.20488742534133
"465","MCAM","CDH11","MCAM.CDH11",0.249002392658396
"466","MCAM","MAP2K6","MCAM.MAP2K6",0.203321781741435
"467","ROR2","AR","ROR2.AR",1
"468","ROR2","HTR1B","ROR2.HTR1B",1
"469","ROR2","DIRAS3","ROR2.DIRAS3",1
"470","ROR2","SLC5A5","ROR2.SLC5A5",1
"471","ROR2","ALPL","ROR2.ALPL",1
"472","ROR2","CD44","ROR2.CD44",1
"473","ROR2","MOS","ROR2.MOS",1
"474","ROR2","HGF","ROR2.HGF",1
"475","ROR2","IL3","ROR2.IL3",1
"476","ROR2","CD1A","ROR2.CD1A",1
"477","ROR2","NQO1","ROR2.NQO1",1
"478","ROR2","RUNX1T1","ROR2.RUNX1T1",1
"479","ROR2","BCL2A1","ROR2.BCL2A1",1
"480","ROR2","AGXT","ROR2.AGXT",1
"481","ROR2","EPHB4","ROR2.EPHB4",1
"482","ROR2","YES1","ROR2.YES1",1
"483","ROR2","TGFB1","ROR2.TGFB1",1
"484","ROR2","MMP1","ROR2.MMP1",1
"485","ROR2","HSD17B12","ROR2.HSD17B12",1
"486","ROR2","GRPR","ROR2.GRPR",1
"487","ROR2","LRP2","ROR2.LRP2",1
"488","ROR2","NEU1","ROR2.NEU1",1
"489","POMC","DLK1","POMC.DLK1",0.327475838082129
"490","POMC","TEK","POMC.TEK",0.207642413713847
"491","POMC","STK11","POMC.STK11",0.214000105601303
"492","SPARC","PCDH1","SPARC.PCDH1",0.205775270429424
"493","CSF3R","DLK1","CSF3R.DLK1",0.302217987330147
"494","CSF3R","TEK","CSF3R.TEK",0.307926180825119
"495","CSF3R","EPHB3","CSF3R.EPHB3",0.522811387473131
"496","PIK3R1","SYK","PIK3R1.SYK",0.26800884621872
"497","PIK3R1","IL4","PIK3R1.IL4",0.280480339211349
"498","PIK3R1","FGF5","PIK3R1.FGF5",0.207796904740388
"499","ASCL1","AXL","ASCL1.AXL",0.208154945216522
"500","ASCL1","PKD2","ASCL1.PKD2",0.284444429597461
"501","ASCL1","PSIP1","ASCL1.PSIP1",0.272593975394678
"502","ASCL1","THBS1","ASCL1.THBS1",0.211554944571418
"503","AHR","AXIN1","AHR.AXIN1",0.209344385659112
"504","AHR","MBD2","AHR.MBD2",0.211786988318405
"505","AHR","SEMA3A","AHR.SEMA3A",0.215675422795321
"506","OGG1","TGFB2","OGG1.TGFB2",0.20475225533966
"507","OGG1","ACVR1B","OGG1.ACVR1B",0.244746665013333
"508","MLF1","FOLR1","MLF1.FOLR1",0.281313388170563
"509","MLF1","CDH11","MLF1.CDH11",0.225765922623697
"510","LIMK1","RAD54B","LIMK1.RAD54B",0.223794015838066
"511","ABL2","RARRES1","ABL2.RARRES1",0.21090815990942
"512","EGF","RAD54B","EGF.RAD54B",0.242960900123467
"513","EGF","TNK1","EGF.TNK1",0.294581915119887
"514","EGF","PGR","EGF.PGR",0.294715977332285
"515","FOLR1","PTPN6","FOLR1.PTPN6",0.240939125181766
"516","FOLR1","XRCC1","FOLR1.XRCC1",0.313673002013269
"517","AOC3","ZNF264","AOC3.ZNF264",0.204266860753817
"518","S100A2","CCNA1","S100A2.CCNA1",0.208438670598782
"519","TNFRSF1B","ABO","TNFRSF1B.ABO",0.253123022196798
"520","TNFRSF1B","LCN2","TNFRSF1B.LCN2",0.246023063792536
"521","TNFRSF1B","ABL1","TNFRSF1B.ABL1",0.218094068549707
"522","TNFRSF1B","MMP10","TNFRSF1B.MMP10",0.302141824281477
"523","GNAS","EPHA2","GNAS.EPHA2",0.251682085627802
"524","GNAS","VBP1","GNAS.VBP1",0.214910079997437
"525","GNAS","NRG1","GNAS.NRG1",0.245365513263044
"526","GNAS","IGFBP3","GNAS.IGFBP3",0.25659592725626
"527","IFNG","SPI1","IFNG.SPI1",0.203653579506252
"528","IFNG","FANCE","IFNG.FANCE",0.209747829554677
"529","IFNG","HPSE","IFNG.HPSE",0.274300501588324
"530","IFNG","DNMT3B","IFNG.DNMT3B",0.207630058519071
"531","B3GALT5","PCDH1","B3GALT5.PCDH1",0.205585227787169
"532","AR","HTR1B","AR.HTR1B",1
"533","AR","DIRAS3","AR.DIRAS3",1
"534","AR","SLC5A5","AR.SLC5A5",1
"535","AR","ALPL","AR.ALPL",1
"536","AR","CD44","AR.CD44",1
"537","AR","MOS","AR.MOS",1
"538","AR","HGF","AR.HGF",1
"539","AR","IL3","AR.IL3",1
"540","AR","CD1A","AR.CD1A",1
"541","AR","NQO1","AR.NQO1",1
"542","AR","RUNX1T1","AR.RUNX1T1",1
"543","AR","BCL2A1","AR.BCL2A1",1
"544","AR","AGXT","AR.AGXT",1
"545","AR","EPHB4","AR.EPHB4",1
"546","AR","YES1","AR.YES1",1
"547","AR","TGFB1","AR.TGFB1",1
"548","AR","MMP1","AR.MMP1",1
"549","AR","HSD17B12","AR.HSD17B12",1
"550","AR","GRPR","AR.GRPR",1
"551","AR","LRP2","AR.LRP2",1
"552","AR","NEU1","AR.NEU1",1
"553","MMP19","TGFB2","MMP19.TGFB2",0.215909349443972
"554","MMP19","GLI3","MMP19.GLI3",0.235921545211704
"555","ALK","DUSP4","ALK.DUSP4",0.220686145815796
"556","ALK","PDGFB","ALK.PDGFB",0.25018569968105
"557","ALK","TYRO3","ALK.TYRO3",0.436622449663806
"558","ALK","EPHA7","ALK.EPHA7",0.219768911037909
"559","HTR1B","DIRAS3","HTR1B.DIRAS3",1
"560","HTR1B","SLC5A5","HTR1B.SLC5A5",1
"561","HTR1B","ALPL","HTR1B.ALPL",1
"562","HTR1B","CD44","HTR1B.CD44",1
"563","HTR1B","MOS","HTR1B.MOS",1
"564","HTR1B","HGF","HTR1B.HGF",1
"565","HTR1B","IL3","HTR1B.IL3",1
"566","HTR1B","CD1A","HTR1B.CD1A",1
"567","HTR1B","NQO1","HTR1B.NQO1",1
"568","HTR1B","RUNX1T1","HTR1B.RUNX1T1",1
"569","HTR1B","BCL2A1","HTR1B.BCL2A1",1
"570","HTR1B","AGXT","HTR1B.AGXT",1
"571","HTR1B","EPHB4","HTR1B.EPHB4",1
"572","HTR1B","YES1","HTR1B.YES1",1
"573","HTR1B","TGFB1","HTR1B.TGFB1",1
"574","HTR1B","MMP1","HTR1B.MMP1",1
"575","HTR1B","HSD17B12","HTR1B.HSD17B12",1
"576","HTR1B","GRPR","HTR1B.GRPR",1
"577","HTR1B","LRP2","HTR1B.LRP2",1
"578","HTR1B","NEU1","HTR1B.NEU1",1
"579","MYBL2","NR2F6","MYBL2.NR2F6",0.439885724461326
"580","MYBL2","VBP1","MYBL2.VBP1",0.28620336390841
"581","RASSF1","PTPRH","RASSF1.PTPRH",0.200183397813375
"582","CD40","DUSP4","CD40.DUSP4",0.218293302181001
"583","CD40","JAG2","CD40.JAG2",0.289963385653768
"584","CD40","SMARCA4","CD40.SMARCA4",0.354506480472319
"585","ZNF264","PDE1B","ZNF264.PDE1B",0.87583155811607
"586","ZNF264","TNFRSF10D","ZNF264.TNFRSF10D",0.516303953729672
"587","ZNF264","ST6GAL1","ZNF264.ST6GAL1",0.476864490608105
"588","DBC1","MAP2K6","DBC1.MAP2K6",0.500868288481285
"589","DLK1","TEK","DLK1.TEK",0.332358717785085
"590","DLK1","EPHB3","DLK1.EPHB3",0.270601357990335
"591","DLK1","STK11","DLK1.STK11",0.227856391160014
"592","DUSP4","TYRO3","DUSP4.TYRO3",0.240015560444778
"593","DUSP4","SMARCA4","DUSP4.SMARCA4",0.291852105307129
"594","NDN","HLA.DOA","NDN.HLA.DOA",0.237144243813763
"595","HBEGF","PRDM2","HBEGF.PRDM2",0.263489098514492
"596","HBEGF","MKRN3","HBEGF.MKRN3",0.225479629902778
"597","HBEGF","LRRC32","HBEGF.LRRC32",0.204075751741272
"598","HBEGF","KIT","HBEGF.KIT",0.206795563732569
"599","HBEGF","GPC3","HBEGF.GPC3",0.312423619958607
"600","HBEGF","LMO1","HBEGF.LMO1",0.220971149078686
"601","HBEGF","NEFL","HBEGF.NEFL",0.247225030712836
"602","FGF6","LCN2","FGF6.LCN2",0.219333905517525
"603","EPHA2","CHGA","EPHA2.CHGA",0.228114913116478
"604","EPHA2","VBP1","EPHA2.VBP1",0.262011516593656
"605","EPHA2","IGFBP2","EPHA2.IGFBP2",0.235135781234359
"606","EPHA2","NRG1","EPHA2.NRG1",0.268634497842312
"607","EPHA2","LOX","EPHA2.LOX",0.260409719393181
"608","SLC6A8","LOX","SLC6A8.LOX",0.251143258388165
"609","MECP2","BMP4","MECP2.BMP4",0.237319520252648
"610","MECP2","ACTG2","MECP2.ACTG2",0.212200511143467
"611","MECP2","PXN","MECP2.PXN",0.310675372110551
"612","WNT1","IRAK1","WNT1.IRAK1",0.21094456669141
"613","WNT1","TGFB3","WNT1.TGFB3",0.517774648368283
"614","MAGEL2","DLG3","MAGEL2.DLG3",0.340331373885616
"615","SH3BP2","RET","SH3BP2.RET",0.222640466698258
"616","SH3BP2","JUNB","SH3BP2.JUNB",0.24085615981518
"617","SH3BP2","EPHB6","SH3BP2.EPHB6",0.203062296254962
"618","NES","CRIP1","NES.CRIP1",0.271536952885622
"619","FGFR1","HLA.DPB1","FGFR1.HLA.DPB1",0.274028243869856
"620","FGFR1","IGFBP7","FGFR1.IGFBP7",0.218859697999485
"621","FGFR1","LMO1","FGFR1.LMO1",0.210622857702312
"622","FGFR1","SFTPC","FGFR1.SFTPC",0.319491592557331
"623","FGFR1","CYP1B1","FGFR1.CYP1B1",0.249198687075814
"624","MATK","CSF3","MATK.CSF3",0.230081545155578
"625","MATK","CD81","MATK.CD81",0.425029145881609
"626","SFTPB","BMP6","SFTPB.BMP6",0.259283128106665
"627","SFTPB","SHH","SFTPB.SHH",0.269545239344958
"628","PRDM2","MKRN3","PRDM2.MKRN3",0.202511509455297
"629","PRDM2","LRRC32","PRDM2.LRRC32",0.213736514015918
"630","PRDM2","GPC3","PRDM2.GPC3",0.338739791589583
"631","PRDM2","NEFL","PRDM2.NEFL",0.268442512423844
"632","MMP9","FRZB","MMP9.FRZB",0.228054146977569
"633","MMP9","ABCG2","MMP9.ABCG2",0.201933853805835
"634","MMP9","CTGF","MMP9.CTGF",0.245284024886788
"635","HLA.DPB1","CCKBR","HLA.DPB1.CCKBR",0.220054482157973
"636","HLA.DPB1","IGFBP7","HLA.DPB1.IGFBP7",0.242961876814028
"637","HLA.DPB1","LCN2","HLA.DPB1.LCN2",0.203748272145191
"638","HLA.DPB1","SFTPC","HLA.DPB1.SFTPC",0.325627412731478
"639","HLA.DPB1","CYP1B1","HLA.DPB1.CYP1B1",0.215432415343912
"640","IRAK1","ABCG2","IRAK1.ABCG2",0.282022702229365
"641","IRAK1","TGFB3","IRAK1.TGFB3",0.304251609299694
"642","DIRAS3","SLC5A5","DIRAS3.SLC5A5",1
"643","DIRAS3","ALPL","DIRAS3.ALPL",1
"644","DIRAS3","CD44","DIRAS3.CD44",1
"645","DIRAS3","MOS","DIRAS3.MOS",1
"646","DIRAS3","HGF","DIRAS3.HGF",1
"647","DIRAS3","IL3","DIRAS3.IL3",1
"648","DIRAS3","CD1A","DIRAS3.CD1A",1
"649","DIRAS3","NQO1","DIRAS3.NQO1",1
"650","DIRAS3","RUNX1T1","DIRAS3.RUNX1T1",1
"651","DIRAS3","BCL2A1","DIRAS3.BCL2A1",1
"652","DIRAS3","AGXT","DIRAS3.AGXT",1
"653","DIRAS3","EPHB4","DIRAS3.EPHB4",1
"654","DIRAS3","YES1","DIRAS3.YES1",1
"655","DIRAS3","TGFB1","DIRAS3.TGFB1",1
"656","DIRAS3","MMP1","DIRAS3.MMP1",1
"657","DIRAS3","HSD17B12","DIRAS3.HSD17B12",1
"658","DIRAS3","GRPR","DIRAS3.GRPR",1
"659","DIRAS3","LRP2","DIRAS3.LRP2",1
"660","DIRAS3","NEU1","DIRAS3.NEU1",1
"661","BMP4","XRCC2","BMP4.XRCC2",0.296314602391934
"662","BMP4","PXN","BMP4.PXN",0.224332300255124
"663","BMP4","CDKN1A","BMP4.CDKN1A",0.20684659615433
"664","BMP4","VIM","BMP4.VIM",0.20381106162905
"665","CTLA4","MXI1","CTLA4.MXI1",0.281128467225377
"666","CTLA4","TM7SF3","CTLA4.TM7SF3",0.256167652310709
"667","CEACAM1","PTGS2","CEACAM1.PTGS2",0.203348604493871
"668","TNK1","LRRC32","TNK1.LRRC32",0.267119096829943
"669","TNK1","OAT","TNK1.OAT",0.265905429277886
"670","TNK1","MST1R","TNK1.MST1R",0.215264225176374
"671","TNK1","ABL1","TNK1.ABL1",0.232674999952936
"672","HOXA9","HLF","HOXA9.HLF",0.241908516532094
"673","HOXA9","MTA1","HOXA9.MTA1",0.246485758798841
"674","BCAM","ABO","BCAM.ABO",0.209327227969006
"675","BCAM","NAT2","BCAM.NAT2",0.230836754960513
"676","AXIN1","MBD2","AXIN1.MBD2",0.307028643584793
"677","AXIN1","SEMA3A","AXIN1.SEMA3A",0.321586955707336
"678","HLF","PGR","HLF.PGR",0.291186764617791
"679","HLF","ABCC5","HLF.ABCC5",0.244217801735987
"680","SPI1","FANCE","SPI1.FANCE",0.408029078457722
"681","SPI1","L1CAM","SPI1.L1CAM",0.490727348764193
"682","RET","EGFR","RET.EGFR",0.447774194148182
"683","SLC5A5","ALPL","SLC5A5.ALPL",1
"684","SLC5A5","CD44","SLC5A5.CD44",1
"685","SLC5A5","MOS","SLC5A5.MOS",1
"686","SLC5A5","HGF","SLC5A5.HGF",1
"687","SLC5A5","IL3","SLC5A5.IL3",1
"688","SLC5A5","CD1A","SLC5A5.CD1A",1
"689","SLC5A5","NQO1","SLC5A5.NQO1",1
"690","SLC5A5","RUNX1T1","SLC5A5.RUNX1T1",1
"691","SLC5A5","BCL2A1","SLC5A5.BCL2A1",1
"692","SLC5A5","AGXT","SLC5A5.AGXT",1
"693","SLC5A5","EPHB4","SLC5A5.EPHB4",1
"694","SLC5A5","YES1","SLC5A5.YES1",1
"695","SLC5A5","TGFB1","SLC5A5.TGFB1",1
"696","SLC5A5","MMP1","SLC5A5.MMP1",1
"697","SLC5A5","HSD17B12","SLC5A5.HSD17B12",1
"698","SLC5A5","GRPR","SLC5A5.GRPR",1
"699","SLC5A5","LRP2","SLC5A5.LRP2",1
"700","SLC5A5","NEU1","SLC5A5.NEU1",1
"701","FRZB","HDAC6","FRZB.HDAC6",0.647204715325996
"702","FRZB","PEG10","FRZB.PEG10",0.670632835213917
"703","JAG2","FGF5","JAG2.FGF5",0.223359670168875
"704","LMO2","SLC22A2","LMO2.SLC22A2",0.33832264950357
"705","LMO2","S100A4","LMO2.S100A4",0.242935257618614
"706","IL1RN","EPHB6","IL1RN.EPHB6",0.200176946249929
"707","IL1RN","PPARD","IL1RN.PPARD",0.214734679926721
"708","SLC22A2","S100A4","SLC22A2.S100A4",0.250414614196681
"709","DLG3","USP29","DLG3.USP29",0.241059628472703
"710","DLG3","TM7SF3","DLG3.TM7SF3",0.207931333718853
"711","ALPL","CD44","ALPL.CD44",1
"712","ALPL","MOS","ALPL.MOS",1
"713","ALPL","HGF","ALPL.HGF",1
"714","ALPL","IL3","ALPL.IL3",1
"715","ALPL","CD1A","ALPL.CD1A",1
"716","ALPL","NQO1","ALPL.NQO1",1
"717","ALPL","RUNX1T1","ALPL.RUNX1T1",1
"718","ALPL","BCL2A1","ALPL.BCL2A1",1
"719","ALPL","AGXT","ALPL.AGXT",1
"720","ALPL","EPHB4","ALPL.EPHB4",1
"721","ALPL","YES1","ALPL.YES1",1
"722","ALPL","TGFB1","ALPL.TGFB1",1
"723","ALPL","MMP1","ALPL.MMP1",1
"724","ALPL","HSD17B12","ALPL.HSD17B12",1
"725","ALPL","GRPR","ALPL.GRPR",1
"726","ALPL","LRP2","ALPL.LRP2",1
"727","ALPL","NEU1","ALPL.NEU1",1
"728","MAS1","EPHB3","MAS1.EPHB3",0.215481877782739
"729","RBP1","HDAC9","RBP1.HDAC9",0.343814670632465
"730","RBP1","IGFBP5","RBP1.IGFBP5",0.269439023146298
"731","CCKBR","IL10","CCKBR.IL10",0.312469372185345
"732","CCKBR","CDH11","CCKBR.CDH11",0.224531032468474
"733","CCKBR","TNFRSF10D","CCKBR.TNFRSF10D",0.233292311162485
"734","ABO","NAT2","ABO.NAT2",0.283315142474329
"735","ABO","IL12B","ABO.IL12B",0.284098972303302
"736","ABO","PDGFB","ABO.PDGFB",0.313315861804072
"737","ABO","MMP10","ABO.MMP10",0.318071393695918
"738","KRT13","CCNA1","KRT13.CCNA1",0.226897109343102
"739","HDAC9","BMP3","HDAC9.BMP3",0.222018958891501
"740","HDAC9","IGFBP5","HDAC9.IGFBP5",0.284187563578368
"741","SYK","PRKAR1A","SYK.PRKAR1A",0.267306027850718
"742","SYK","PTPRH","SYK.PTPRH",0.228482774984267
"743","SYK","ABCC5","SYK.ABCC5",0.205947706123925
"744","SYK","EPHA7","SYK.EPHA7",0.209203417231948
"745","FHIT","IRF7","FHIT.IRF7",0.204282992299093
"746","FHIT","IGFBP2","FHIT.IGFBP2",0.202276846472982
"747","FHIT","IGFBP5","FHIT.IGFBP5",0.203677371029026
"748","CD44","MOS","CD44.MOS",1
"749","CD44","HGF","CD44.HGF",1
"750","CD44","IL3","CD44.IL3",1
"751","CD44","CD1A","CD44.CD1A",1
"752","CD44","NQO1","CD44.NQO1",1
"753","CD44","RUNX1T1","CD44.RUNX1T1",1
"754","CD44","BCL2A1","CD44.BCL2A1",1
"755","CD44","AGXT","CD44.AGXT",1
"756","CD44","EPHB4","CD44.EPHB4",1
"757","CD44","YES1","CD44.YES1",1
"758","CD44","TGFB1","CD44.TGFB1",1
"759","CD44","MMP1","CD44.MMP1",1
"760","CD44","HSD17B12","CD44.HSD17B12",1
"761","CD44","GRPR","CD44.GRPR",1
"762","CD44","LRP2","CD44.LRP2",1
"763","CD44","NEU1","CD44.NEU1",1
"764","MKRN3","LRRC32","MKRN3.LRRC32",0.203936096104093
"765","MKRN3","KIT","MKRN3.KIT",0.512865411087118
"766","MKRN3","MC2R","MKRN3.MC2R",0.288249181713995
"767","MKRN3","GPC3","MKRN3.GPC3",0.288822427494257
"768","MKRN3","DAB2","MKRN3.DAB2",0.241621147046902
"769","MKRN3","HPSE","MKRN3.HPSE",0.21257751937547
"770","MKRN3","NEFL","MKRN3.NEFL",0.24774649460906
"771","FANCE","L1CAM","FANCE.L1CAM",0.30014332455085
"772","THBS2","IL2","THBS2.IL2",0.57661452928183
"773","LRRC32","OAT","LRRC32.OAT",0.230944616968441
"774","LRRC32","GPC3","LRRC32.GPC3",0.355848533542673
"775","LRRC32","MST1R","LRRC32.MST1R",0.22533427482764
"776","LRRC32","ABL1","LRRC32.ABL1",0.206533292983435
"777","LRRC32","NEFL","LRRC32.NEFL",0.400813451452563
"778","KIT","MC2R","KIT.MC2R",0.31443621121308
"779","KIT","GPC3","KIT.GPC3",0.230451257121192
"780","KIT","DAB2","KIT.DAB2",0.275078572681691
"781","KIT","HPSE","KIT.HPSE",0.21658693417427
"782","IRF7","IGFBP5","IRF7.IGFBP5",0.2289758390858
"783","ELK1","LCN2","ELK1.LCN2",0.22730507265851
"784","NKX3.1","TJP1","NKX3.1.TJP1",0.217066937344741
"785","MC2R","DAB2","MC2R.DAB2",0.273542364884868
"786","MC2R","THBS1","MC2R.THBS1",0.230758757162278
"787","MC2R","PDGFA","MC2R.PDGFA",0.20844842569397
"788","MC2R","HPSE","MC2R.HPSE",0.253776420678834
"789","MC2R","GADD45A","MC2R.GADD45A",0.208111243330939
"790","MOS","HGF","MOS.HGF",1
"791","MOS","IL3","MOS.IL3",1
"792","MOS","CD1A","MOS.CD1A",1
"793","MOS","NQO1","MOS.NQO1",1
"794","MOS","RUNX1T1","MOS.RUNX1T1",1
"795","MOS","BCL2A1","MOS.BCL2A1",1
"796","MOS","AGXT","MOS.AGXT",1
"797","MOS","EPHB4","MOS.EPHB4",1
"798","MOS","YES1","MOS.YES1",1
"799","MOS","TGFB1","MOS.TGFB1",1
"800","MOS","MMP1","MOS.MMP1",1
"801","MOS","HSD17B12","MOS.HSD17B12",1
"802","MOS","GRPR","MOS.GRPR",1
"803","MOS","LRP2","MOS.LRP2",1
"804","MOS","NEU1","MOS.NEU1",1
"805","MYCL1","IL4","MYCL1.IL4",0.342274418132637
"806","MYCL1","EGFR","MYCL1.EGFR",0.231960313978411
"807","MYCL1","PPARD","MYCL1.PPARD",0.295166778309101
"808","MYCL1","P2RX7","MYCL1.P2RX7",0.345338943502841
"809","OAT","ABL1","OAT.ABL1",0.289064610309113
"810","GPC3","NEFL","GPC3.NEFL",0.748634806308609
"811","NR2F6","PTHLH","NR2F6.PTHLH",0.230263543002389
"812","NR2F6","VBP1","NR2F6.VBP1",0.296776919056815
"813","MST1R","CSF3","MST1R.CSF3",0.233101117810693
"814","MST1R","ARAF","MST1R.ARAF",0.207440293617787
"815","CSF3","CD81","CSF3.CD81",0.204408016640581
"816","PTHLH","AXL","PTHLH.AXL",0.202775334183662
"817","PTHLH","ARAF","PTHLH.ARAF",0.251615857542237
"818","PTHLH","COL6A1","PTHLH.COL6A1",0.233048408026181
"819","IHH","XRCC2","IHH.XRCC2",0.217828453561606
"820","TBX1","ICA1","TBX1.ICA1",0.413442087425198
"821","ACTG2","PXN","ACTG2.PXN",0.295002577318959
"822","CHGA","VBP1","CHGA.VBP1",0.261355324280305
"823","CHGA","NRG1","CHGA.NRG1",0.278284178645373
"824","GABRB3","PAX6","GABRB3.PAX6",0.661666392988452
"825","GABRB3","JUNB","GABRB3.JUNB",0.20200326192594
"826","FGF2","DAB2","FGF2.DAB2",0.217482776333508
"827","FGF2","GADD45A","FGF2.GADD45A",0.210786584670282
"828","FLI1","IGFBP2","FLI1.IGFBP2",0.219438935408949
"829","FLI1","FYN","FLI1.FYN",0.209929058306343
"830","HDAC6","PEG10","HDAC6.PEG10",0.998523078740859
"831","BMP3","USP29","BMP3.USP29",0.249519305210183
"832","BMP3","CDKN1A","BMP3.CDKN1A",0.227335010713471
"833","VBP1","NRG1","VBP1.NRG1",0.352687797365909
"834","RARA","PODXL","RARA.PODXL",0.23675538093108
"835","RARA","EPHB6","RARA.EPHB6",0.206968224444933
"836","RARA","MBD2","RARA.MBD2",0.208706322135194
"837","CDH3","PSIP1","CDH3.PSIP1",0.206323424416188
"838","CDH3","PTK2","CDH3.PTK2",0.404605891655333
"839","CDH3","FYN","CDH3.FYN",0.203642027892908
"840","CDH3","CASP2","CDH3.CASP2",0.314436500185004
"841","AXL","ARAF","AXL.ARAF",0.295618166986543
"842","AXL","COL6A1","AXL.COL6A1",0.219638689477303
"843","HGF","IL3","HGF.IL3",1
"844","HGF","CD1A","HGF.CD1A",1
"845","HGF","NQO1","HGF.NQO1",1
"846","HGF","RUNX1T1","HGF.RUNX1T1",1
"847","HGF","BCL2A1","HGF.BCL2A1",1
"848","HGF","AGXT","HGF.AGXT",1
"849","HGF","EPHB4","HGF.EPHB4",1
"850","HGF","YES1","HGF.YES1",1
"851","HGF","TGFB1","HGF.TGFB1",1
"852","HGF","MMP1","HGF.MMP1",1
"853","HGF","HSD17B12","HGF.HSD17B12",1
"854","HGF","GRPR","HGF.GRPR",1
"855","HGF","LRP2","HGF.LRP2",1
"856","HGF","NEU1","HGF.NEU1",1
"857","XRCC2","VIM","XRCC2.VIM",0.397344734725787
"858","PRKAR1A","PTPRH","PRKAR1A.PTPRH",0.250422579457466
"859","PRKAR1A","BCR","PRKAR1A.BCR",0.235405235108155
"860","PTGS2","SEMA3F","PTGS2.SEMA3F",0.202401314582749
"861","PTGS2","CTNNB1","PTGS2.CTNNB1",0.227799285721252
"862","MFAP4","ETS1","MFAP4.ETS1",0.269835157473062
"863","MFAP4","EPHA7","MFAP4.EPHA7",0.383741387519598
"864","ERCC6","IGFBP1","ERCC6.IGFBP1",0.247714857248887
"865","ESR2","GATA6","ESR2.GATA6",0.251391870913617
"866","PKD2","PSIP1","PKD2.PSIP1",0.314311022742666
"867","PKD2","MYB","PKD2.MYB",0.277123878658133
"868","PDE1B","TNFRSF10D","PDE1B.TNFRSF10D",0.522392788036953
"869","PDE1B","ST6GAL1","PDE1B.ST6GAL1",0.649216081662187
"870","APC","L1CAM","APC.L1CAM",0.218022583435634
"871","APC","MCC","APC.MCC",0.520866679013607
"872","NAT2","EPHB6","NAT2.EPHB6",0.221854769073418
"873","NAT2","MMP10","NAT2.MMP10",0.270750802148659
"874","PGR","ABCC5","PGR.ABCC5",0.452974798124646
"875","IL3","CD1A","IL3.CD1A",1
"876","IL3","NQO1","IL3.NQO1",1
"877","IL3","RUNX1T1","IL3.RUNX1T1",1
"878","IL3","BCL2A1","IL3.BCL2A1",1
"879","IL3","AGXT","IL3.AGXT",1
"880","IL3","EPHB4","IL3.EPHB4",1
"881","IL3","YES1","IL3.YES1",1
"882","IL3","TGFB1","IL3.TGFB1",1
"883","IL3","MMP1","IL3.MMP1",1
"884","IL3","HSD17B12","IL3.HSD17B12",1
"885","IL3","GRPR","IL3.GRPR",1
"886","IL3","LRP2","IL3.LRP2",1
"887","IL3","NEU1","IL3.NEU1",1
"888","IL11","FER","IL11.FER",0.357521506882906
"889","IGFBP1","PDGFB","IGFBP1.PDGFB",0.201922136802184
"890","ETV1","MAP3K8","ETV1.MAP3K8",0.327821005943674
"891","TEK","EPHB3","TEK.EPHB3",0.268440117268098
"892","FGFR4","FGF5","FGFR4.FGF5",0.205823848253719
"893","FGFR4","JUNB","FGFR4.JUNB",0.207638194185953
"894","PTPRO","SERPINE1","PTPRO.SERPINE1",0.262267963284437
"895","PTPRO","MBD2","PTPRO.MBD2",0.205257799946348
"896","TGFB2","GLI3","TGFB2.GLI3",0.487730519104307
"897","TFDP1","PTPN6","TFDP1.PTPN6",0.211078595526289
"898","TFDP1","MMP8","TFDP1.MMP8",0.22048732764947
"899","IL12B","PDGFB","IL12B.PDGFB",0.424948324662274
"900","IL12B","MME","IL12B.MME",0.334134984430578
"901","PAX6","JUNB","PAX6.JUNB",0.234395169999122
"902","USP29","CDKN1A","USP29.CDKN1A",0.220683182763951
"903","USP29","TM7SF3","USP29.TM7SF3",0.242128133981603
"904","ABCG2","TGFB3","ABCG2.TGFB3",0.233214282910557
"905","ABCG2","NFKB2","ABCG2.NFKB2",0.201508954365073
"906","CD1A","NQO1","CD1A.NQO1",1
"907","CD1A","RUNX1T1","CD1A.RUNX1T1",1
"908","CD1A","BCL2A1","CD1A.BCL2A1",1
"909","CD1A","AGXT","CD1A.AGXT",1
"910","CD1A","EPHB4","CD1A.EPHB4",1
"911","CD1A","YES1","CD1A.YES1",1
"912","CD1A","TGFB1","CD1A.TGFB1",1
"913","CD1A","MMP1","CD1A.MMP1",1
"914","CD1A","HSD17B12","CD1A.HSD17B12",1
"915","CD1A","GRPR","CD1A.GRPR",1
"916","CD1A","LRP2","CD1A.LRP2",1
"917","CD1A","NEU1","CD1A.NEU1",1
"918","IGFBP7","LCN2","IGFBP7.LCN2",0.230351846571897
"919","IGFBP7","SFTPC","IGFBP7.SFTPC",0.449312585413223
"920","PDGFB","MME","PDGFB.MME",0.217274879558758
"921","PDGFB","TYRO3","PDGFB.TYRO3",0.226294079557496
"922","PDGFB","VIM","PDGFB.VIM",0.210266759019608
"923","BMP6","SHH","BMP6.SHH",0.385812820084115
"924","IL4","EGFR","IL4.EGFR",0.226548922734017
"925","IL4","P2RX7","IL4.P2RX7",0.331630306806965
"926","IGFBP2","IGFBP5","IGFBP2.IGFBP5",0.244582237417334
"927","IGFBP2","CDH11","IGFBP2.CDH11",0.206194309164993
"928","IGFBP2","LOX","IGFBP2.LOX",0.260385663578147
"929","ARAF","COL6A1","ARAF.COL6A1",0.534940606107683
"930","ARAF","CDH11","ARAF.CDH11",0.234176648763331
"931","ARAF","CDH17","ARAF.CDH17",0.241915301450473
"932","EGFR","P2RX7","EGFR.P2RX7",0.235394112125834
"933","NQO1","RUNX1T1","NQO1.RUNX1T1",1
"934","NQO1","BCL2A1","NQO1.BCL2A1",1
"935","NQO1","AGXT","NQO1.AGXT",1
"936","NQO1","EPHB4","NQO1.EPHB4",1
"937","NQO1","YES1","NQO1.YES1",1
"938","NQO1","TGFB1","NQO1.TGFB1",1
"939","NQO1","MMP1","NQO1.MMP1",1
"940","NQO1","HSD17B12","NQO1.HSD17B12",1
"941","NQO1","GRPR","NQO1.GRPR",1
"942","NQO1","LRP2","NQO1.LRP2",1
"943","NQO1","NEU1","NQO1.NEU1",1
"944","DAB2","HPSE","DAB2.HPSE",0.211744761426789
"945","DAB2","GADD45A","DAB2.GADD45A",0.210406320217542
"946","PSIP1","PTK2","PSIP1.PTK2",0.228182498661017
"947","PSIP1","CASP2","PSIP1.CASP2",0.226279781947153
"948","LCN2","SFTPC","LCN2.SFTPC",0.248005975234591
"949","NRG1","THBS1","NRG1.THBS1",0.225787229453318
"950","NRG1","PDGFA","NRG1.PDGFA",0.201586975213044
"951","NRG1","GADD45A","NRG1.GADD45A",0.201914822789759
"952","RUNX1T1","BCL2A1","RUNX1T1.BCL2A1",1
"953","RUNX1T1","AGXT","RUNX1T1.AGXT",1
"954","RUNX1T1","EPHB4","RUNX1T1.EPHB4",1
"955","RUNX1T1","YES1","RUNX1T1.YES1",1
"956","RUNX1T1","TGFB1","RUNX1T1.TGFB1",1
"957","RUNX1T1","MMP1","RUNX1T1.MMP1",1
"958","RUNX1T1","HSD17B12","RUNX1T1.HSD17B12",1
"959","RUNX1T1","GRPR","RUNX1T1.GRPR",1
"960","RUNX1T1","LRP2","RUNX1T1.LRP2",1
"961","RUNX1T1","NEU1","RUNX1T1.NEU1",1
"962","IGFBP3","EPHB1","IGFBP3.EPHB1",0.201933161988422
"963","IGFBP3","ETS1","IGFBP3.ETS1",0.202148074552446
"964","IGFBP5","CDH11","IGFBP5.CDH11",0.203472960177744
"965","THBS1","PDGFA","THBS1.PDGFA",0.279480123874822
"966","THBS1","GADD45A","THBS1.GADD45A",0.302112230469785
"967","BCL2A1","AGXT","BCL2A1.AGXT",1
"968","BCL2A1","EPHB4","BCL2A1.EPHB4",1
"969","BCL2A1","YES1","BCL2A1.YES1",1
"970","BCL2A1","TGFB1","BCL2A1.TGFB1",1
"971","BCL2A1","MMP1","BCL2A1.MMP1",1
"972","BCL2A1","HSD17B12","BCL2A1.HSD17B12",1
"973","BCL2A1","GRPR","BCL2A1.GRPR",1
"974","BCL2A1","LRP2","BCL2A1.LRP2",1
"975","BCL2A1","NEU1","BCL2A1.NEU1",1
"976","COL6A1","CDH11","COL6A1.CDH11",0.233008290169942
"977","COL6A1","CDH17","COL6A1.CDH17",0.412716659991927
"978","ELK3","ITGA6","ELK3.ITGA6",0.955711762240312
"979","CDH11","TNFRSF10D","CDH11.TNFRSF10D",0.201564192426982
"980","AGXT","EPHB4","AGXT.EPHB4",1
"981","AGXT","YES1","AGXT.YES1",1
"982","AGXT","TGFB1","AGXT.TGFB1",1
"983","AGXT","MMP1","AGXT.MMP1",1
"984","AGXT","HSD17B12","AGXT.HSD17B12",1
"985","AGXT","GRPR","AGXT.GRPR",1
"986","AGXT","LRP2","AGXT.LRP2",1
"987","AGXT","NEU1","AGXT.NEU1",1
"988","MXI1","EPHA1","MXI1.EPHA1",0.218261685082544
"989","MXI1","TM7SF3","MXI1.TM7SF3",0.277609774480357
"990","EPHB4","YES1","EPHB4.YES1",1
"991","EPHB4","TGFB1","EPHB4.TGFB1",1
"992","EPHB4","MMP1","EPHB4.MMP1",1
"993","EPHB4","HSD17B12","EPHB4.HSD17B12",1
"994","EPHB4","GRPR","EPHB4.GRPR",1
"995","EPHB4","LRP2","EPHB4.LRP2",1
"996","EPHB4","NEU1","EPHB4.NEU1",1
"997","DST","SMARCB1","DST.SMARCB1",0.200119147926999
"998","TNFRSF10D","ST6GAL1","TNFRSF10D.ST6GAL1",0.387028736242502
"999","PTK2","CASP2","PTK2.CASP2",0.421314258770167
"1000","PTK2","WNT8B","PTK2.WNT8B",0.214832279528815
"1001","YES1","TGFB1","YES1.TGFB1",1
"1002","YES1","MMP1","YES1.MMP1",1
"1003","YES1","HSD17B12","YES1.HSD17B12",1
"1004","YES1","GRPR","YES1.GRPR",1
"1005","YES1","LRP2","YES1.LRP2",1
"1006","YES1","NEU1","YES1.NEU1",1
"1007","FGF5","LOX","FGF5.LOX",0.256938049766037
"1008","MAP2K6","PDGFA","MAP2K6.PDGFA",0.216931651660243
"1009","TGFB1","MMP1","TGFB1.MMP1",1
"1010","TGFB1","HSD17B12","TGFB1.HSD17B12",1
"1011","TGFB1","GRPR","TGFB1.GRPR",1
"1012","TGFB1","LRP2","TGFB1.LRP2",1
"1013","TGFB1","NEU1","TGFB1.NEU1",1
"1014","MMP1","HSD17B12","MMP1.HSD17B12",1
"1015","MMP1","GRPR","MMP1.GRPR",1
"1016","MMP1","LRP2","MMP1.LRP2",1
"1017","MMP1","NEU1","MMP1.NEU1",1
"1018","HSD17B12","GRPR","HSD17B12.GRPR",1
"1019","HSD17B12","LRP2","HSD17B12.LRP2",1
"1020","HSD17B12","NEU1","HSD17B12.NEU1",1
"1021","GRPR","LRP2","GRPR.LRP2",1
"1022","GRPR","NEU1","GRPR.NEU1",1
"1023","SERPINE1","FANCA","SERPINE1.FANCA",0.211885992753028
"1024","PTPN6","XRCC1","PTPN6.XRCC1",0.28467262286447
"1025","PTPN6","SMARCB1","PTPN6.SMARCB1",0.25167995965477
"1026","RAD50","TYK2","RAD50.TYK2",0.272178615070555
"1027","ABL1","MMP10","ABL1.MMP10",0.209493888785899
"1028","XRCC1","SMARCB1","XRCC1.SMARCB1",0.212740767105062
"1029","LRP2","NEU1","LRP2.NEU1",1
"1030","TYRO3","EPHA7","TYRO3.EPHA7",0.206107502735908
"1031","FYN","MAP3K8","FYN.MAP3K8",0.240607939379634
"1032","PPARD","ZNF215","PPARD.ZNF215",0.209431113255542
"1033","PDGFA","GADD45A","PDGFA.GADD45A",0.236416126010219
"1034","EPHA1","GADD45A","EPHA1.GADD45A",0.200353358578194
"1035","CTGF","MTA1","CTGF.MTA1",0.224340942608579
"1036","CTGF","DNMT3B","CTGF.DNMT3B",0.287720495199317
"1037","MBD2","SEMA3A","MBD2.SEMA3A",0.304509785678154
"1038","SFTPC","CYP1B1","SFTPC.CYP1B1",0.230826614247587
